{"cameraMode":{"drawMode":0,"name":"Shaded","section":"Shading Mode"},"sceneLighting":true,"audioPlay":false,"sceneViewState":{"m_AlwaysRefresh":false,"showFog":true,"showSkybox":true,"showFlares":true,"showImageEffects":true,"showParticleSystems":true,"showVisualEffectGraphs":true,"m_FxEnabled":true},"in2DMode":false,"pivot":{"x":299.55743408203127,"y":134.91412353515626,"z":239.34500122070313},"rotation":{"x":-0.03277247026562691,"y":-0.8924785256385803,"z":0.06571512669324875,"w":-0.44507327675819399},"size":434.46905517578127,"orthographic":false}